{"10": 256.9579946585876, "20": 271.1314571442184, "30": 251.1338888313506, "40": 286.77735187295747, "50": 265.8971361886596}